,title,views,posting_time
0,How to Attempt English Board Exam ????,74K views,12 hours ago
1,Best technique to attempt SST paper in Board exam || Class 10th,52K views,1 day ago
2,Last Minute Strategy To Score More Than 98% || ICSE Boards || Class-10th,21K views,2 days ago
3,Why You Should Choose Commerce After 10th? || Complete InformationðŸ’¯,27K views,3 days ago
4,Follow This Plan To Score More Than 95% in Boards || Topper's Strategy,309K views,8 days ago
5,Everything About COMMERCE Stream !! Which Stream to Choose After Class 10th?,26K views,2 weeks ago
6,How to Attempt Maths Board Exam || Last Minute Strategy || Class-10th Boards,336K views,2 weeks ago
7,STATISTICS - MOST Important Questions || Class-10th,46K views,2 weeks ago
8,SURFACE AREA & VOLUMES - MOST Important Questions || Class-10th,54K views,2 weeks ago
9,DOUBLE THEME - LONG QUESTIONS - Most Important Questions || Class-10th,55K views,3 weeks ago
10,REPORTED SPEECH in 30 Minutes || Mind Map Series for Class 10th,43K views,3 weeks ago
11,CIRCLES - MOST Important Questions || Class-10th,49K views,3 weeks ago
12,THE BEGGAR in One Shot - From Zero to Hero || Class 9th,30K views,3 weeks ago
13,"FOG, FOR ANNE GREGORY || Hindi Summary in 30 Minutes || Class 10th",33K views,3 weeks ago
14,REPORTED SPEECH in One Shot - From Zero to Hero || Class 9th,42K views,3 weeks ago
15,How to Write Effective Answers in Exams?! || Strategy Wallah || PW Foundation,127K views,3 weeks ago
16,REPORTED SPEECH - MOST Important Questions || Class-10th,43K views,3 weeks ago
17,POPULATION in One Shot - From Zero to Hero || Class 9th,35K views,3 weeks ago
18,FOR ANNE GREGORY - MOST Important Questions || Class-10th,13K views,3 weeks ago
19,IF I WERE YOU + A HOUSE IS NOT A HOME in One Shot - From Zero to Hero || Class 9th,35K views,3 weeks ago
20,NATURAL VEGETATION in One Shot - From Zero to Hero || Class 9th,25K views,3 weeks ago
21,THE BOOK THAT SAVED EARTH || Hindi Summary in 30 Minutes || Class 10th,57K views,4 weeks ago
22,DEMOCRATIC RIGHTS in One Shot - From Zero to Hero || Class 9th,43K views,4 weeks ago
23,FOG - MOST Important Questions || Class-10th,12K views,4 weeks ago
24,A SLUMBER DID MY SPIRIT SEAL in One Shot - From Zero to Hero || Class 9th,19K views,4 weeks ago
25,PASTORALISTS IN THE MODERN WORLD in One Shot - From Zero to Hero || Class 9th,75K views,4 weeks ago
26,THE BOOK THAT SAVED EARTH - Most Important Questions || Class-10th,23K views,1 month ago
27,THE PROPOSAL || Hindi Summary in 30 Minutes || Class 10th,42K views,1 month ago
28,KATHMANDU + THE LAST LEAF in One Shot - From Zero to Hero || Class 9th,33K views,1 month ago
29,THE PROPOSAL - MOST Important Questions || Class-10th,21K views,1 month ago
